Project ID,Task ID,Task Name,Start Date,End Date,Duration (Days),Dependencies,Resource
Project_1,Task_1,facilitate scalable functionalities,2023-10-19,2023-10-31,12,Task_N/A,Mark Hogan
Project_1,Task_2,e-enable wireless methodologies,2023-11-01,2023-11-03,2,Task_1,Sarah Montoya
Project_1,Task_3,optimize wireless web-readiness,2023-11-05,2023-11-10,5,Task_2,Misty Clark
Project_1,Task_4,enhance world-class channels,2023-11-12,2023-11-26,14,Task_1,Kathleen Tate
Project_1,Task_5,re-contextualize turn-key paradigms,2023-11-28,2023-12-12,14,Task_3,Laurie Reyes
Project_1,Task_6,enhance integrated niches,2023-12-14,2023-12-19,5,Task_4,Jamie Weaver
Project_1,Task_7,unleash clicks-and-mortar e-business,2023-12-21,2024-01-03,13,Task_3,Lindsey Jones
Project_1,Task_8,embrace clicks-and-mortar vortals,2024-01-05,2024-01-13,8,Task_1,Karen Mejia
Project_1,Task_9,scale next-generation applications,2024-01-14,2024-01-17,3,Task_1,Elizabeth Collins
Project_1,Task_10,unleash B2C schemas,2024-01-20,2024-01-26,6,Task_4,Sherri Hopkins
Project_2,Task_1,scale impactful deliverables,2023-08-07,2023-08-12,5,Task_N/A,Mark Bond
Project_2,Task_2,enable wireless infrastructures,2023-08-14,2023-08-20,6,Task_1,Misty Johnson
Project_2,Task_3,streamline front-end interfaces,2023-08-21,2023-09-04,14,Task_2,Lori King
Project_2,Task_4,target 24/7 networks,2023-09-05,2023-09-16,11,Task_1,Cassandra English
Project_2,Task_5,optimize end-to-end info-mediaries,2023-09-19,2023-09-28,9,Task_4,Sandra Love
Project_2,Task_6,visualize clicks-and-mortar web-readiness,2023-09-29,2023-10-13,14,Task_4,Christopher Lewis
Project_2,Task_7,extend open-source schemas,2023-10-16,2023-10-18,2,Task_5,Tracy Garcia
Project_2,Task_8,utilize B2C supply-chains,2023-10-21,2023-10-27,6,Task_1,Ashley Sherman
Project_2,Task_9,benchmark viral action-items,2023-10-28,2023-11-11,14,Task_4,Jacob Anderson
Project_2,Task_10,engineer mission-critical e-business,2023-11-13,2023-11-25,12,Task_7,Kimberly Cruz
Project_3,Task_1,reinvent cross-platform methodologies,2023-06-02,2023-06-16,14,Task_N/A,Jamie Davies
Project_3,Task_2,deploy proactive e-markets,2023-06-17,2023-06-30,13,Task_1,Teresa Shaw
Project_3,Task_3,envisioneer viral networks,2023-07-02,2023-07-16,14,Task_1,Jenny Scott
Project_3,Task_4,scale B2B relationships,2023-07-19,2023-07-24,5,Task_3,Laurie Reeves
Project_3,Task_5,aggregate back-end supply-chains,2023-07-26,2023-08-04,9,Task_4,Elizabeth Anderson
Project_3,Task_6,e-enable granular e-tailers,2023-08-05,2023-08-19,14,Task_4,Matthew Lane
Project_3,Task_7,exploit turn-key experiences,2023-08-21,2023-08-28,7,Task_4,Tracy Diaz
Project_3,Task_8,e-enable strategic architectures,2023-08-31,2023-09-06,6,Task_4,David Lopez
Project_3,Task_9,transform open-source interfaces,2023-09-07,2023-09-21,14,Task_4,Joshua Salinas
Project_3,Task_10,visualize extensible portals,2023-09-24,2023-09-29,5,Task_5,Olivia Curry
Project_4,Task_1,monetize proactive users,2024-02-26,2024-03-01,4,Task_N/A,Marie Gill
Project_4,Task_2,innovate turn-key vortals,2024-03-02,2024-03-13,11,Task_1,Amanda Owen
Project_4,Task_3,architect granular users,2024-03-15,2024-03-23,8,Task_2,Alicia Simpson
Project_4,Task_4,repurpose one-to-one niches,2024-03-26,2024-04-01,6,Task_3,Bridget Melendez
Project_4,Task_5,harness customized bandwidth,2024-04-02,2024-04-12,10,Task_4,Brittany Turner
Project_4,Task_6,enhance virtual deliverables,2024-04-14,2024-04-16,2,Task_5,Joshua Roach
Project_4,Task_7,morph real-time infrastructures,2024-04-19,2024-04-23,4,Task_3,Holly Gomez
Project_4,Task_8,deliver plug-and-play systems,2024-04-25,2024-05-07,12,Task_5,Jennifer Ruiz
Project_4,Task_9,redefine best-of-breed partnerships,2024-05-08,2024-05-12,4,Task_5,Christian Farmer
Project_4,Task_10,monetize collaborative systems,2024-05-13,2024-05-15,2,Task_2,Maria Sanchez
Project_5,Task_1,syndicate B2B platforms,2024-03-21,2024-03-26,5,Task_N/A,Derek Harrington
Project_5,Task_2,enable revolutionary solutions,2024-03-29,2024-04-01,3,Task_1,Devin Barnett
Project_5,Task_3,repurpose customized channels,2024-04-02,2024-04-15,13,Task_2,Brian Odonnell
Project_5,Task_4,enhance leading-edge vortals,2024-04-16,2024-04-29,13,Task_3,Tonya Brock
Project_5,Task_5,iterate virtual models,2024-05-02,2024-05-15,13,Task_3,Miguel Miller
Project_5,Task_6,synergize B2C eyeballs,2024-05-18,2024-05-24,6,Task_1,Christopher Gomez
Project_5,Task_7,streamline distributed markets,2024-05-27,2024-05-31,4,Task_5,Jeremy Harris
Project_5,Task_8,optimize front-end e-markets,2024-06-03,2024-06-11,8,Task_2,Rebecca Liu
Project_5,Task_9,brand real-time deliverables,2024-06-14,2024-06-20,6,Task_4,Lawrence Newton
Project_5,Task_10,syndicate clicks-and-mortar solutions,2024-06-21,2024-07-02,11,Task_8,Roy Owens
